{
  "best_model_name": "xgboost",
  "metrics": {
    "logistic_regression": {
      "ACC": 0.8828125,
      "PREC": 0.625,
      "REC": 0.9154929577464789,
      "F1": 0.7428571428571429,
      "AUC": 0.9340773072942448
    },
    "decision_tree": {
      "ACC": 0.8776041666666666,
      "PREC": 0.6428571428571429,
      "REC": 0.7605633802816901,
      "F1": 0.6967741935483871,
      "AUC": 0.9322548710795122
    },
    "random_forest": {
      "ACC": 0.8567708333333334,
      "PREC": 0.6081081081081081,
      "REC": 0.6338028169014085,
      "F1": 0.6206896551724138,
      "AUC": 0.9284075057372992
    },
    "xgboost": {
      "ACC": 0.875,
      "PREC": 0.6210526315789474,
      "REC": 0.8309859154929577,
      "F1": 0.7108433734939759,
      "AUC": 0.9454619088331908
    },
    "svc": {
      "ACC": 0.875,
      "PREC": 0.6263736263736264,
      "REC": 0.8028169014084507,
      "F1": 0.7037037037037037,
      "AUC": 0.9372271970481032
    }
  },
  "class_labels": {
    "WIN": 1,
    "LOSE": 0
  },
  "n_rows_total": 1919,
  "quarters": [
    "Q1 2025",
    "Q2 2025",
    "Q3 2025"
  ]
}