{
  "best_model_name": "xgboost",
  "metrics": {
    "logistic_regression": {
      "ACC": 0.8735491753207086,
      "PREC": 0.4583333333333333,
      "REC": 0.16417910447761194,
      "F1": 0.24175824175824176,
      "AUC": 0.8394968056652672
    },
    "decision_tree": {
      "ACC": 0.8839340256566891,
      "PREC": 0.569620253164557,
      "REC": 0.22388059701492538,
      "F1": 0.32142857142857145,
      "AUC": 0.820810640391358
    },
    "random_forest": {
      "ACC": 0.8851557727550398,
      "PREC": 0.6065573770491803,
      "REC": 0.18407960199004975,
      "F1": 0.2824427480916031,
      "AUC": 0.8446313003228979
    },
    "xgboost": {
      "ACC": 0.8766035430665852,
      "PREC": 0.4945054945054945,
      "REC": 0.22388059701492538,
      "F1": 0.3082191780821918,
      "AUC": 0.8605492731329425
    },
    "svc": {
      "ACC": 0.8839340256566891,
      "PREC": 0.5733333333333334,
      "REC": 0.21393034825870647,
      "F1": 0.3115942028985507,
      "AUC": 0.7969102953200572
    }
  },
  "class_labels": {
    "WIN": 1,
    "LOSE": 0
  },
  "n_rows_total": 8183,
  "quarters": [
    "Q1 2025",
    "Q2 2025",
    "Q3 2025"
  ]
}